url,rozmer,dispozice,cena,Ulice,Mesto
https://www.sreality.cz/detail/pronajem/byt/1+kk/zlin-zlin-nad-stranemi/2467500876,33,1+kk,13500,Nad Stráněmi,Zlín
https://www.sreality.cz/detail/pronajem/byt/2+kk/zlin-zlin-kuty/2542216012,51,2+kk,14500,Kúty,Zlín
https://www.sreality.cz/detail/pronajem/byt/2+1/zlin-zlin-trida-tomase-bati/214295372,60,2+1,16000,třída Tomáše Bati,Zlín
https://www.sreality.cz/detail/pronajem/byt/2+1/zlin-zlin-dlouha/1365844812,56,2+1,13000,Dlouhá,Zlín
https://www.sreality.cz/detail/pronajem/byt/1+kk/zlin-zlin-nad-stranemi/1328034636,28,1+kk,10000,Nad Stráněmi,Zlín
https://www.sreality.cz/detail/pronajem/byt/1+1/zlin-zlin-kvitkova/2564232012,44,1+1,12990,Kvítková,Zlín
https://www.sreality.cz/detail/pronajem/byt/3+kk/otrokovice-otrokovice-j-jaburkove/4124513100,100,3+kk,18000,J. Jabůrkové,Otrokovice
https://www.sreality.cz/detail/pronajem/byt/2+kk/otrokovice-otrokovice-j-jaburkove/4291236684,58,2+kk,16500,J. Jabůrkové,Otrokovice
https://www.sreality.cz/detail/pronajem/byt/3+1/zlin-zlin-dily-iv/1646269260,65,3+1,12500,Díly IV,Zlín
https://www.sreality.cz/detail/pronajem/byt/3+1/zlin-zlin-na-honech-iii/838738764,65,3+1,15000,Na Honech III,Zlín
https://www.sreality.cz/detail/pronajem/byt/2+kk/zlin-zlin-na-honech-i/2788565836,56,2+kk,12800,Na Honech I,Zlín
https://www.sreality.cz/detail/pronajem/byt/2+kk/zlin-jaroslavice-v-doline/592909132,45,2+kk,9500,V Dolině,Zlín - Jaroslavice
https://www.sreality.cz/detail/pronajem/byt/1+kk/zlin-zlin-breznicka/1564590924,47,1+kk,12900,Březnická,Zlín
https://www.sreality.cz/detail/pronajem/byt/2+1/zlin-mladcova-mokra-ii/1497174860,65,2+1,20000,Mokrá II,Zlín - Mladcová
https://www.sreality.cz/detail/pronajem/byt/1+kk/zlin-zlin-vejvanovska/3858641740,20,1+kk,14900,Vejvanovská,Zlín
https://www.sreality.cz/detail/pronajem/byt/1+1/zlin-zlin-vejvanovska/2635760460,30,1+1,15500,Vejvanovská,Zlín
https://www.sreality.cz/detail/pronajem/byt/1+kk/zlin-zlin-vejvanovska/2375885644,20,1+kk,10900,Vejvanovská,Zlín
https://www.sreality.cz/detail/pronajem/byt/2+kk/zlin-louky-zadni-luhy/4022870604,44,2+kk,12900,Zadní luhy,Zlín - Louky
https://www.sreality.cz/detail/pronajem/byt/2+kk/zlin-zlin-nad-stranemi/3042952012,63,2+kk,16000,Nad Stráněmi,Zlín
https://www.sreality.cz/detail/pronajem/byt/2+kk/zlin-louky-zadni-luhy/2311992140,62,2+kk,21000,Zadní luhy,Zlín - Louky
https://www.sreality.cz/detail/pronajem/byt/1+kk/vsemina-vsemina-/2549936972,24,1+kk,8400,Všemina,Zlín
https://www.sreality.cz/detail/pronajem/byt/1+1/zlin-zlin-sokolska/4028633932,50,1+1,10500,Sokolská,Zlín
https://www.sreality.cz/detail/pronajem/byt/3+1/otrokovice-kvitkovice-hlavni/2555384652,62,3+1,15900,Hlavní,Otrokovice - Kvítkovice
https://www.sreality.cz/detail/pronajem/byt/1+kk/zlin-zlin-druzstevni/2434863948,31,1+kk,11000,Družstevní,Zlín
https://www.sreality.cz/detail/pronajem/byt/2+1/zlin-zlin-nivy-ii/840512332,120,2+1,20500,Nivy II,Zlín
https://www.sreality.cz/detail/pronajem/byt/3+kk/otrokovice-otrokovice-nam-3-kvetna/3917550412,110,3+kk,20000,nám. 3. května,Otrokovice
https://www.sreality.cz/detail/pronajem/byt/3+1/otrokovice-kvitkovice-kpt-nalepky/1048646476,71,3+1,24000,Kpt. Nálepky,Otrokovice - Kvítkovice
https://www.sreality.cz/detail/pronajem/byt/2+kk/zlin-malenovice-zahradni/528552780,43,2+kk,14200,Zahradní,Zlín - Malenovice
https://www.sreality.cz/detail/pronajem/byt/1+1/otrokovice-otrokovice-skolni/2088833868,56,1+1,12000,Školní,Otrokovice
https://www.sreality.cz/detail/pronajem/byt/2+1/otrokovice-otrokovice-smetanova/2882605900,51,2+1,13500,Smetanova,Otrokovice
https://www.sreality.cz/detail/pronajem/byt/2+1/zlin-zlin-/1944130380,59,2+1,16500,Zlín,Zlín
https://www.sreality.cz/detail/pronajem/byt/1+1/zlin-zlin-sevcovska/3521188684,33,1+1,12000,Ševcovská,Zlín
https://www.sreality.cz/detail/pronajem/byt/1+kk/zlin-malenovice-pod-hradem-i/2288522060,32,1+kk,13000,Pod Hradem I,Zlín - Malenovice
https://www.sreality.cz/detail/pronajem/byt/3+kk/zlin-zlin-rasinova/889008972,100,3+kk,16000,Rašínova,Zlín
https://www.sreality.cz/detail/pronajem/byt/1+kk/zlin-zlin-j-a-bati/4049670988,41,1+kk,13000,J. A. Bati,Zlín
https://www.sreality.cz/detail/pronajem/byt/3+1/zlin-malenovice-mlynska/1598829388,70,3+1,14000,Mlýnská,Zlín - Malenovice
https://www.sreality.cz/detail/pronajem/byt/2+1/zlin-zlin-lorencova/1423913804,66,2+1,12500,Lorencova,Zlín
https://www.sreality.cz/detail/pronajem/byt/3+1/zlin-zlin-santraziny/1980240716,74,3+1,20000,Santražiny,Zlín
https://www.sreality.cz/detail/pronajem/byt/2+1/slavicin-slavicin-okruzni/3988919116,54,2+1,14950,Okružní,Slavičín
https://www.sreality.cz/detail/pronajem/byt/1+kk/zlin-zlin-devadesata/3612021580,35,1+kk,12900,Devadesátá,Zlín
https://www.sreality.cz/detail/pronajem/byt/1+1/zlin-zlin-dlouha/3044152140,40,1+1,11500,Dlouhá,Zlín
https://www.sreality.cz/detail/pronajem/byt/1+kk/zlutava-zlutava-/870454092,19,1+kk,7900,Žlutava,Zlín
https://www.sreality.cz/detail/pronajem/byt/1+kk/zlin-zlin-/1231369036,32,1+kk,11000,Zlín,Zlín
https://www.sreality.cz/detail/pronajem/byt/2+1/zlin-zlin-sokolska/2702906188,55,2+1,15000,Sokolská,Zlín
https://www.sreality.cz/detail/pronajem/byt/2+1/zlin-priluky-zborovska/128652108,63,2+1,14000,Zborovská,Zlín - Příluky
https://www.sreality.cz/detail/pronajem/byt/3+1/zlin-zlin-zalesna-i/1372066636,73,3+1,19900,Zálešná I,Zlín
https://www.sreality.cz/detail/pronajem/byt/1+1/zlin-zlin-nivy-i/3066893132,43,1+1,11000,Nivy I,Zlín
https://www.sreality.cz/detail/pronajem/byt/1+kk/zlin-zlin-lesetin-i/2190414668,66,1+kk,14800,Lešetín I,Zlín
https://www.sreality.cz/detail/pronajem/byt/2+kk/zlin-zlin-lesetin-i/3768521548,88,2+kk,19800,Lešetín I,Zlín
https://www.sreality.cz/detail/pronajem/byt/3+kk/zlin-priluky-staromlynska/504238924,105,3+kk,16500,Staromlýnská,Zlín - Příluky
https://www.sreality.cz/detail/pronajem/byt/2+1/pohorelice-pohorelice-/2540835660,66,2+1,13000,Pohořelice,Zlín
https://www.sreality.cz/detail/pronajem/byt/3+kk/breznice-breznice-/3126793036,100,3+kk,30000,Březnice,Zlín
https://www.sreality.cz/detail/pronajem/byt/3+kk/zlin-prstne-sykory-ii/1525158732,119,3+kk,29000,Sýkory II,Zlín - Prštné
https://www.sreality.cz/detail/pronajem/byt/2+kk/zlin-zlin-zelinova/2535985996,53,2+kk,16000,Zelinova,Zlín
https://www.sreality.cz/detail/pronajem/byt/1+kk/zlin-zlin-smetanova/1515787084,40,1+kk,14000,Smetanova,Zlín
https://www.sreality.cz/detail/pronajem/byt/3+kk/zlin-zlin-stefanikova/4001567564,70,3+kk,21500,Štefánikova,Zlín
https://www.sreality.cz/detail/pronajem/byt/1+kk/zlin-zlin-nad-stranemi/2467500876,33,1+kk,13500,Nad Stráněmi,Zlín
https://www.sreality.cz/detail/pronajem/byt/1+kk/zlin-zlin-lorencova/3996324684,43,1+kk,12000,Lorencova,Zlín
https://www.sreality.cz/detail/pronajem/byt/1+kk/zlin-zlin-nivy-ii/3578188620,60,1+kk,10000,Nivy II,Zlín
https://www.sreality.cz/detail/pronajem/byt/2+kk/zlin-zlin-nad-stranemi/3042952012,63,2+kk,16000,Nad Stráněmi,Zlín
https://www.sreality.cz/detail/pronajem/byt/1+kk/otrokovice-kvitkovice-hlavni/3248231244,37,1+kk,11900,Hlavní,Otrokovice - Kvítkovice
https://www.sreality.cz/detail/pronajem/byt/2+1/zlin-malenovice-trida-svobody/664539980,54,2+1,12900,třída Svobody,Zlín - Malenovice
https://www.sreality.cz/detail/pronajem/byt/2+kk/zlin-zlin-sevcovska/517002060,41,2+kk,16500,Ševcovská,Zlín
https://www.sreality.cz/detail/pronajem/byt/4+1/zlin-zlin-trida-tomase-bati/3512582988,83,4+1,19900,třída Tomáše Bati,Zlín
https://www.sreality.cz/detail/pronajem/byt/3+kk/zlin-prstne-l-vachy/2238116684,75,3+kk,12500,L. Váchy,Zlín - Prštné
https://www.sreality.cz/detail/pronajem/byt/4+kk/bohuslavice-u-zlina-bohuslavice-u-zlina-/3593413452,100,4+kk,17500,Bohuslavice u Zlína,Zlín
https://www.sreality.cz/detail/pronajem/byt/2+1/zlin-zlin-stefanikova/1421722444,58,2+1,15500,Štefánikova,Zlín
https://www.sreality.cz/detail/pronajem/byt/2+1/luhacovice-luhacovice-masarykova/1512911692,63,2+1,16000,Masarykova,Luhačovice
https://www.sreality.cz/detail/pronajem/byt/1+kk/zlin-zlin-namesti-prace/897323852,22,1+kk,9200,náměstí Práce,Zlín
https://www.sreality.cz/detail/pronajem/byt/3+kk/zlin-malenovice-jarolimkovo-namesti/4037874508,82,3+kk,25000,Jarolímkovo náměstí,Zlín - Malenovice
https://www.sreality.cz/detail/pronajem/byt/2+1/zlin-zlin-lucni/1878401868,58,2+1,16000,Luční,Zlín
https://www.sreality.cz/detail/pronajem/byt/2+1/otrokovice-otrokovice-nadrazni/1820136268,63,2+1,15700,Nádražní,Otrokovice
https://www.sreality.cz/detail/pronajem/byt/1+1/zlin-malenovice-/4168815436,32,1+1,10000,Zlín - Malenovice,Zlín
https://www.sreality.cz/detail/pronajem/byt/3+kk/zlin-zlin-dily-iii/1597821772,92,3+kk,30700,Díly III,Zlín
https://www.sreality.cz/detail/pronajem/byt/2+kk/zlin-zlin-dily-iii/1295831884,49,2+kk,17900,Díly III,Zlín
https://www.sreality.cz/detail/pronajem/byt/3+1/zlin-zlin-obeciny-x/3052741452,73,3+1,13300,Obeciny X,Zlín
https://www.sreality.cz/detail/pronajem/byt/1+1/zlin-zlin-podlesi-v/3666744140,33,1+1,12000,Podlesí V,Zlín
https://www.sreality.cz/detail/pronajem/byt/1+kk/otrokovice-otrokovice-moravni/682496844,36,1+kk,11500,Moravní,Otrokovice
https://www.sreality.cz/detail/pronajem/byt/2+kk/vizovice-vizovice-lazenska/753263436,65,2+kk,12000,Lázeňská,Vizovice
https://www.sreality.cz/detail/pronajem/byt/2+kk/zlin-priluky-pancava/659940172,60,2+kk,17000,Pančava,Zlín - Příluky
https://www.sreality.cz/detail/pronajem/byt/1+1/vizovice-vizovice-ricni/2444104524,39,1+1,15000,Říční,Vizovice
https://www.sreality.cz/detail/pronajem/byt/1+kk/zlin-zlin-j-a-bati/4226466636,41,1+kk,13500,J. A. Bati,Zlín
https://www.sreality.cz/detail/pronajem/byt/1+kk/zlin-zlin-nad-stranemi/2513552204,37,1+kk,12500,Nad Stráněmi,Zlín
https://www.sreality.cz/detail/pronajem/byt/1+kk/zlin-zlin-nad-stranemi/2895061836,37,1+kk,10000,Nad Stráněmi,Zlín
https://www.sreality.cz/detail/pronajem/byt/1+kk/zlin-zlin-plesnikova/1913525068,35,1+kk,10000,Plesníkova,Zlín
https://www.sreality.cz/detail/pronajem/byt/1+kk/zlin-zlin-lorencova/2069500748,43,1+kk,12500,Lorencova,Zlín
https://www.sreality.cz/detail/pronajem/byt/1+1/zlin-mladcova-mokra-ii/338563916,36,1+1,15000,Mokrá II,Zlín - Mladcová
https://www.sreality.cz/detail/pronajem/byt/1+kk/zlin-zlin-na-pozare/1450054476,24,1+kk,10000,Na Požáře,Zlín
https://www.sreality.cz/detail/pronajem/byt/3+kk/slusovice-slusovice-dostihova/417272652,90,3+kk,15900,Dostihová,Slušovice
https://www.sreality.cz/detail/pronajem/byt/1+kk/otrokovice-otrokovice-tr-osvobozeni/2260611916,32,1+kk,12000,tř. Osvobození,Otrokovice
https://www.sreality.cz/detail/pronajem/byt/2+kk/zlin-zlin-lorencova/223163212,40,2+kk,18500,Lorencova,Zlín
https://www.sreality.cz/detail/pronajem/byt/2+kk/otrokovice-otrokovice-tr-osvobozeni/1594700620,40,2+kk,13900,tř. Osvobození,Otrokovice
https://www.sreality.cz/detail/pronajem/byt/1+kk/zlin-zlin-stefanikova/3254657868,28,1+kk,8000,Štefánikova,Zlín
https://www.sreality.cz/detail/pronajem/byt/1+kk/zlin-zlin-nad-stranemi/869208908,36,1+kk,12500,Nad Stráněmi,Zlín
https://www.sreality.cz/detail/pronajem/byt/2+kk/zlin-zlin-nad-stranemi/4111938380,60,2+kk,15500,Nad Stráněmi,Zlín
https://www.sreality.cz/detail/pronajem/byt/2+kk/zlin-zlin-zelinova/3783201612,48,2+kk,15000,Zelinova,Zlín
https://www.sreality.cz/detail/pronajem/byt/2+kk/zlin-zlin-plesnikova/3199349580,52,2+kk,13900,Plesníkova,Zlín
https://www.sreality.cz/detail/pronajem/byt/2+1/zlin-zlin-cihlarska/2220364620,64,2+1,13000,Cihlářská,Zlín
https://www.sreality.cz/detail/pronajem/byt/1+1/zlin-mladcova-mokra-ii/3451134796,36,1+1,9500,Mokrá II,Zlín - Mladcová
https://www.sreality.cz/detail/pronajem/byt/1+kk/zlin-zlin-devadesata/3612021580,35,1+kk,12900,Devadesátá,Zlín
https://www.sreality.cz/detail/pronajem/byt/1+1/zlin-mladcova-mokra-ii/716448588,46,1+1,11000,Mokrá II,Zlín - Mladcová
https://www.sreality.cz/detail/pronajem/byt/1+1/zlin-zlin-potoky/3927511884,37,1+1,11500,Potoky,Zlín
https://www.sreality.cz/detail/pronajem/byt/1+kk/zlin-zlin-na-honech-i/3561108300,27,1+kk,11500,Na Honech I,Zlín
https://www.sreality.cz/detail/pronajem/byt/1+kk/zlin-zlin-pasecka/1889145676,29,1+kk,10900,Pasecká,Zlín
https://www.sreality.cz/detail/pronajem/byt/2+kk/zlin-zlin-pasecka/2006586188,50,2+kk,14800,Pasecká,Zlín
https://www.sreality.cz/detail/pronajem/byt/3+1/zlin-zlin-havlickovo-nabrezi/437310284,75,3+1,14000,Havlíčkovo nábřeží,Zlín
https://www.sreality.cz/detail/pronajem/byt/1+1/zlin-zlin-podvesna-vii/542737228,30,1+1,11900,Podvesná VII,Zlín
https://www.sreality.cz/detail/pronajem/byt/2+1/napajedla-napajedla-zabrani/2667189068,56,2+1,16500,Zábraní,Napajedla
https://www.sreality.cz/detail/pronajem/byt/2+kk/zlin-zlin-sevcovska/52040524,65,2+kk,16900,Ševcovská,Zlín
https://www.sreality.cz/detail/pronajem/byt/3+1/zlin-malenovice-mlynska/993661772,68,3+1,16600,Mlýnská,Zlín - Malenovice
https://www.sreality.cz/detail/pronajem/byt/3+1/zlin-zlin-trida-tomase-bati/2219447116,76,3+1,25500,třída Tomáše Bati,Zlín
https://www.sreality.cz/detail/pronajem/byt/1+1/zlin-zlin-ceska/1295852364,33,1+1,13500,Česká,Zlín
https://www.sreality.cz/detail/pronajem/byt/1+kk/luhacovice-luhacovice-leose-janacka/3640889932,30,1+kk,10000,Leoše Janáčka,Luhačovice
https://www.sreality.cz/detail/pronajem/byt/3+kk/zlin-zlin-na-honech-i/795226956,65,3+kk,20000,Na Honech I,Zlín
https://www.sreality.cz/detail/pronajem/byt/3+kk/zlin-zlin-trida-tomase-bati/2046497612,75,3+kk,16000,třída Tomáše Bati,Zlín
https://www.sreality.cz/detail/pronajem/byt/1+kk/zlin-zlin-trida-tomase-bati/3220902732,25,1+kk,10000,třída Tomáše Bati,Zlín
https://www.sreality.cz/detail/pronajem/byt/2+1/zlin-kudlov-fabianka-ii/1377506124,48,2+1,13500,Fabiánka II,Zlín - Kudlov
https://www.sreality.cz/detail/pronajem/byt/3+1/otrokovice-kvitkovice-snp/1595286348,65,3+1,14000,SNP,Otrokovice - Kvítkovice
https://www.sreality.cz/detail/pronajem/byt/2+kk/zlin-zlin-lorencova/3361612620,61,2+kk,15500,Lorencova,Zlín
https://www.sreality.cz/detail/pronajem/byt/1+kk/zlin-zlin-devadesata/3612021580,35,1+kk,12900,Devadesátá,Zlín
https://www.sreality.cz/detail/pronajem/byt/1+kk/otrokovice-otrokovice-moravni/682496844,36,1+kk,11500,Moravní,Otrokovice
https://www.sreality.cz/detail/pronajem/byt/2+1/zlin-zlin-okruzni/2433557324,43,2+1,13800,Okružní,Zlín
https://www.sreality.cz/detail/pronajem/byt/1+1/otrokovice-kvitkovice-/2383471436,37,1+1,14500,Otrokovice - Kvítkovice,Zlín
https://www.sreality.cz/detail/pronajem/byt/2+kk/valasske-klobouky-valasske-klobouky-masarykovo-namesti/4199818060,63,2+kk,15410,Masarykovo náměstí,Valašské Klobouky
https://www.sreality.cz/detail/pronajem/byt/2+1/valasske-klobouky-valasske-klobouky-masarykovo-namesti/3193185100,70,2+1,16390,Masarykovo náměstí,Valašské Klobouky
https://www.sreality.cz/detail/pronajem/byt/1+1/zlin-zlin-ceska/4082377548,33,1+1,12500,Česká,Zlín
https://www.sreality.cz/detail/pronajem/byt/3+kk/zlin-zlin-mostni/623850316,86,3+kk,23000,Mostní,Zlín
https://www.sreality.cz/detail/pronajem/byt/2+1/zlin-zlin-sokolska/2815763276,58,2+1,11000,Sokolská,Zlín
https://www.sreality.cz/detail/pronajem/byt/2+kk/zlin-zlin-dily-iii/237777740,49,2+kk,17900,Díly III,Zlín
https://www.sreality.cz/detail/pronajem/byt/1+kk/zlin-zlin-smetanova/606282572,32,1+kk,12900,Smetanova,Zlín
https://www.sreality.cz/detail/pronajem/byt/2+kk/zlutava-zlutava-/3196461900,45,2+kk,13500,Žlutava,Zlín
https://www.sreality.cz/detail/pronajem/byt/3+1/napajedla-napajedla-nabrezi/1837507404,71,3+1,12500,Nábřeží,Napajedla
https://www.sreality.cz/detail/pronajem/byt/3+1/zlin-zlin-lucni/2360746828,76,3+1,21000,Luční,Zlín
https://www.sreality.cz/detail/pronajem/byt/1+1/otrokovice-kvitkovice-snp/1791763276,38,1+1,16500,SNP,Otrokovice - Kvítkovice
https://www.sreality.cz/detail/pronajem/byt/3+kk/luhacovice-luhacovice-betty-smetanove/520495948,78,3+kk,20000,Betty Smetanové,Luhačovice
https://www.sreality.cz/detail/pronajem/byt/3+1/zlin-zlin-benesovo-nabrezi/1650860876,72,3+1,26000,Benešovo nábřeží,Zlín
https://www.sreality.cz/detail/pronajem/byt/1+1/zelechovice-nad-drevnici-zelechovice-nad-drevnici-osvobozeni/313992012,36,1+1,12000,Osvobození,Želechovice nad Dřevnicí
https://www.sreality.cz/detail/pronajem/byt/2+1/zlin-zlin-dukelska/3770205004,52,2+1,13000,Dukelská,Zlín
https://www.sreality.cz/detail/pronajem/byt/2+kk/zlin-zlin-dily-iii/1664930636,55,2+kk,17900,Díly III,Zlín
https://www.sreality.cz/detail/pronajem/byt/1+kk/zlin-zlin-stefanikova/956179276,25,1+kk,8200,Štefánikova,Zlín
https://www.sreality.cz/detail/pronajem/byt/2+1/otrokovice-otrokovice-k-capka/3543606092,64,2+1,13100,K. Čapka,Otrokovice
https://www.sreality.cz/detail/pronajem/byt/1+kk/zlin-zlin-devadesata/3612021580,35,1+kk,12900,Devadesátá,Zlín
https://www.sreality.cz/detail/pronajem/byt/2+1/zlin-zlin-benesovo-nabrezi/1394615116,54,2+1,18500,Benešovo nábřeží,Zlín
https://www.sreality.cz/detail/pronajem/byt/2+kk/vizovice-vizovice-masarykovo-nam/3863905100,53,2+kk,15000,Masarykovo nám.,Vizovice
https://www.sreality.cz/detail/pronajem/byt/1+1/vizovice-vizovice-masarykovo-nam/3585155916,48,1+1,14000,Masarykovo nám.,Vizovice
https://www.sreality.cz/detail/pronajem/byt/3+kk/luhacovice-luhacovice-dr-veseleho/3518112588,96,3+kk,20000,Dr. Veselého,Luhačovice
https://www.sreality.cz/detail/pronajem/byt/1+1/zlin-malenovice-husova/1727210316,33,1+1,13500,Husova,Zlín - Malenovice
https://www.sreality.cz/detail/pronajem/byt/3+1/zlin-prstne-svat-cecha/2619876172,65,3+1,19500,Svat. Čecha,Zlín - Prštné
https://www.sreality.cz/detail/pronajem/byt/3+1/zlin-mladcova-mokra-ii/2675061580,82,3+1,16000,Mokrá II,Zlín - Mladcová
https://www.sreality.cz/detail/pronajem/byt/3+kk/luhacovice-luhacovice-/165774156,90,3+kk,17500,Luhačovice,Zlín
https://www.sreality.cz/detail/pronajem/byt/1+kk/otrokovice-kvitkovice-j-valcika/1027810124,27,1+kk,10500,J. Valčíka,Otrokovice - Kvítkovice
https://www.sreality.cz/detail/pronajem/byt/3+kk/zlin-zlin-mostni/734798668,82,3+kk,22000,Mostní,Zlín
https://www.sreality.cz/detail/pronajem/byt/2+1/zlin-zlin-podlesi-ii/723264332,45,2+1,12900,Podlesí II,Zlín
https://www.sreality.cz/detail/pronajem/byt/1+1/otrokovice-otrokovice-svobodova/1100817228,35,1+1,12500,Svobodova,Otrokovice
https://www.sreality.cz/detail/pronajem/byt/1+1/zlin-zlin-stefanikova/452862796,28,1+1,10800,Štefánikova,Zlín
https://www.sreality.cz/detail/pronajem/byt/2+kk/zlin-zlin-zelinova/2612994892,53,2+kk,16000,Zelinova,Zlín
https://www.sreality.cz/detail/pronajem/byt/1+kk/vsemina-vsemina-/3065979724,23,1+kk,11000,Všemina,Zlín
https://www.sreality.cz/detail/pronajem/byt/1+kk/zlin-zlin-vozenilkova/2447319884,30,1+kk,14000,Voženílkova,Zlín
https://www.sreality.cz/detail/pronajem/byt/3+kk/zlin-zlin-bratri-sousediku/953099084,58,3+kk,15500,Bratří Sousedíků,Zlín
https://www.sreality.cz/detail/pronajem/byt/2+kk/luhacovice-luhacovice-leose-janacka/1967727436,45,2+kk,13500,Leoše Janáčka,Luhačovice
https://www.sreality.cz/detail/pronajem/byt/1+kk/frystak-frystak-holesovska/1565958988,33,1+kk,14900,Holešovská,Fryšták
https://www.sreality.cz/detail/pronajem/byt/2+1/slavicin-divnice-/680629068,63,2+1,12000,Slavičín - Divnice,Zlín
https://www.sreality.cz/detail/pronajem/byt/2+kk/zlin-priluky-pancava/659940172,60,2+kk,17000,Pančava,Zlín - Příluky
https://www.sreality.cz/detail/pronajem/byt/1+1/zlin-priluky-zborovska/2383094604,38,1+1,11900,Zborovská,Zlín - Příluky
https://www.sreality.cz/detail/pronajem/byt/1+kk/luhacovice-luhacovice-mlynska/385213260,26,1+kk,9000,Mlýnská,Luhačovice
https://www.sreality.cz/detail/pronajem/byt/2+1/frystak-frystak-komenskeho/1865691980,86,2+1,19500,Komenského,Fryšták
https://www.sreality.cz/detail/pronajem/byt/3+kk/zlin-zlin-nad-stranemi/1736782668,72,3+kk,19000,Nad Stráněmi,Zlín
https://www.sreality.cz/detail/pronajem/byt/1+1/otrokovice-kvitkovice-polni/3741659980,32,1+1,13000,Polní,Otrokovice - Kvítkovice
https://www.sreality.cz/detail/pronajem/byt/4+1/zlin-zlin-slunecna/607466316,91,4+1,17000,Slunečná,Zlín
https://www.sreality.cz/detail/pronajem/byt/2+kk/zlin-zlin-sadova/971584332,73,2+kk,20000,Sadová,Zlín
https://www.sreality.cz/detail/pronajem/byt/4+kk/zlin-zlin-bratri-jaronku/3365352268,85,4+kk,19000,Bratří Jaroňků,Zlín
https://www.sreality.cz/detail/pronajem/byt/3+kk/zlin-zlin-smetanova/2321544012,72,3+kk,22000,Smetanova,Zlín
https://www.sreality.cz/detail/pronajem/byt/3+1/zlin-zlin-vezove-domy/1463235404,65,3+1,18000,Věžové domy,Zlín
https://www.sreality.cz/detail/pronajem/byt/2+kk/luhacovice-luhacovice-leose-janacka/2385523532,45,2+kk,11500,Leoše Janáčka,Luhačovice
https://www.sreality.cz/detail/pronajem/byt/1+kk/luhacovice-luhacovice-leose-janacka/3425710924,26,1+kk,10000,Leoše Janáčka,Luhačovice
https://www.sreality.cz/detail/pronajem/byt/3+1/zlin-malenovice-tyrsova/1422996300,81,3+1,17500,Tyršova,Zlín - Malenovice
https://www.sreality.cz/detail/pronajem/byt/2+kk/zlin-zlin-nad-stranemi/410071884,53,2+kk,15800,Nad Stráněmi,Zlín
https://www.sreality.cz/detail/pronajem/byt/2+1/valasske-klobouky-valasske-klobouky-brumovska/2382238540,60,2+1,12000,Brumovská,Valašské Klobouky
https://www.sreality.cz/detail/pronajem/byt/2+1/zlin-malenovice-chelcickeho/3058840396,54,2+1,13000,Chelčického,Zlín - Malenovice
https://www.sreality.cz/detail/pronajem/byt/2+kk/luhacovice-luhacovice-masarykova/3313709900,76,2+kk,20000,Masarykova,Luhačovice
https://www.sreality.cz/detail/pronajem/byt/2+kk/vizovice-vizovice-partyzanska/1644049228,48,2+kk,11500,Partyzánská,Vizovice
https://www.sreality.cz/detail/pronajem/byt/2+kk/luhacovice-luhacovice-/381993804,86,2+kk,20000,Luhačovice,Zlín
https://www.sreality.cz/detail/pronajem/byt/3+kk/zlin-zlin-mostni/4254675788,94,3+kk,25000,Mostní,Zlín
https://www.sreality.cz/detail/pronajem/byt/2+kk/zlin-zlin-nad-stranemi/3042952012,63,2+kk,16000,Nad Stráněmi,Zlín
https://www.sreality.cz/detail/pronajem/byt/2+kk/luhacovice-luhacovice-masarykova/2273624908,70,2+kk,25000,Masarykova,Luhačovice
https://www.sreality.cz/detail/pronajem/byt/4+1/slavicin-slavicin-k-hajenkam/923059020,101,4+1,20000,K Hájenkám,Slavičín
https://www.sreality.cz/detail/pronajem/byt/2+kk/zlin-zlin-zelinova/2037760844,47,2+kk,18220,Zelinova,Zlín
https://www.sreality.cz/detail/pronajem/byt/3+kk/zlin-zlin-smetanova/546751308,70,3+kk,22000,Smetanova,Zlín
https://www.sreality.cz/detail/pronajem/byt/2+1/zlin-zlin-trida-tomase-bati/157336396,54,2+1,13500,třída Tomáše Bati,Zlín
https://www.sreality.cz/detail/pronajem/byt/2+1/zlin-prstne-naves/528597836,72,2+1,15000,Náves,Zlín - Prštné
https://www.sreality.cz/detail/pronajem/byt/1+kk/zlin-zlin-nad-stranemi/2163602252,34,1+kk,12500,Nad Stráněmi,Zlín
https://www.sreality.cz/detail/pronajem/byt/2+kk/zlin-priluky-pancava/659940172,60,2+kk,17000,Pančava,Zlín - Příluky
https://www.sreality.cz/detail/pronajem/byt/2+kk/zlin-zlin-nad-stranemi/3042952012,63,2+kk,16000,Nad Stráněmi,Zlín
https://www.sreality.cz/detail/pronajem/byt/2+1/zlin-malenovice-trida-svobody/2775302988,53,2+1,13100,třída Svobody,Zlín - Malenovice
https://www.sreality.cz/detail/pronajem/byt/2+1/zlin-kudlov-zluta/1660277580,57,2+1,18000,Žlutá,Zlín - Kudlov
https://www.sreality.cz/detail/pronajem/byt/2+kk/zlin-zlin-dlouha/1492636492,50,2+kk,16000,Dlouhá,Zlín
https://www.sreality.cz/detail/pronajem/byt/3+kk/zlin-zlin-tyrsovo-nabrezi/2767704908,73,3+kk,22000,Tyršovo nábřeží,Zlín
https://www.sreality.cz/detail/pronajem/byt/1+kk/zlin-zlin-nad-stranemi/504877900,33,1+kk,10000,Nad Stráněmi,Zlín
https://www.sreality.cz/detail/pronajem/byt/1+1/zlin-zlin-santraziny/4028793676,35,1+1,11000,Santražiny,Zlín
https://www.sreality.cz/detail/pronajem/byt/3+kk/zlin-zlin-nad-stranemi/3904754508,83,3+kk,22900,Nad Stráněmi,Zlín
https://www.sreality.cz/detail/pronajem/byt/2+kk/vlckova-vlckova-/3322925900,50,2+kk,14000,Vlčková,Zlín
https://www.sreality.cz/detail/pronajem/byt/1+kk/zlin-prstne-svat-cecha/3718902604,30,1+kk,14000,Svat. Čecha,Zlín - Prštné
https://www.sreality.cz/detail/pronajem/byt/2+kk/zlin-zlin-tyrsovo-nabrezi/2549666636,50,2+kk,19000,Tyršovo nábřeží,Zlín
https://www.sreality.cz/detail/pronajem/byt/1+kk/zlin-zlin-devadesata/3612021580,35,1+kk,12900,Devadesátá,Zlín
https://www.sreality.cz/detail/pronajem/byt/1+kk/zlin-prstne-svat-cecha/1856959308,29,1+kk,14000,Svat. Čecha,Zlín - Prštné
https://www.sreality.cz/detail/pronajem/byt/1+1/zlin-malenovice-pod-hradem-ii/1169654604,27,1+1,15000,Pod Hradem II,Zlín - Malenovice
https://www.sreality.cz/detail/pronajem/byt/2+1/zlin-kostelec-lesenska/1053201228,78,2+1,15000,Lešenská,Zlín - Kostelec
https://www.sreality.cz/detail/pronajem/byt/1+1/lipa-lipa-/2050134860,35,1+1,11000,Lípa,Zlín
https://www.sreality.cz/detail/pronajem/byt/3+kk/zlin-zlin-nad-stranemi/3404235340,143,3+kk,33000,Nad Stráněmi,Zlín
https://www.sreality.cz/detail/pronajem/byt/1+kk/luhacovice-luhacovice-leose-janacka/3806884428,23,1+kk,10000,Leoše Janáčka,Luhačovice
https://www.sreality.cz/detail/pronajem/byt/2+kk/zlin-louky-k-luham/1516360780,47,2+kk,13900,K Luhám,Zlín - Louky
